{"count":1,"self":230.1142784,"total":648.04015299999992,"children":{"InitializeActuators":{"count":8,"self":0.000979,"total":0.000979,"children":null},"InitializeSensors":{"count":8,"self":0.00067099999999999994,"total":0.00067099999999999994,"children":null},"AgentSendState":{"count":312634,"self":0.83619199999999994,"total":30.517297,"children":{"CollectObservations":{"count":500216,"self":27.401155199999998,"total":27.401154,"children":null},"WriteActionMask":{"count":500216,"self":0.161904,"total":0.161904,"children":null},"RequestDecision":{"count":500216,"self":0.63707399999999992,"total":2.118047,"children":{"AgentInfo.ToProto":{"count":500216,"self":0.562522,"total":1.4809729999999999,"children":{"GenerateSensorData":{"count":500216,"self":0.91845099999999991,"total":0.91845099999999991,"children":null}}}}}}},"DecideAction":{"count":312634,"self":238.5664256,"total":238.566423,"children":null},"AgentAct":{"count":312634,"self":148.830976,"total":148.831741,"children":{"AgentInfo.ToProto":{"count":188,"self":0.00031,"total":0.00076399999999999992,"children":{"GenerateSensorData":{"count":188,"self":0.000454,"total":0.000454,"children":null}}}}},"AgentInfo.ToProto":{"count":1899,"self":0.003463,"total":0.008281,"children":{"GenerateSensorData":{"count":1899,"self":0.0048179999999999994,"total":0.0048179999999999994,"children":null}}}},"gauges":{"Turtle.CumulativeReward":{"count":2087,"max":0.9992,"min":-3.60443425,"runningAverage":0.3802139,"value":0.9444001,"weightedAverage":0.7881851}},"metadata":{"timer_format_version":"0.1.0","start_time_seconds":"1741680206","unity_version":"6000.0.41f1","command_line_arguments":"\/Applications\/Unity\/Hub\/Editor\/6000.0.41f1\/Unity.app\/Contents\/MacOS\/Unity -projectpath \/Users\/oliver\/Unity\/Turtle Agent -useHub -hubIPC -cloudEnvironment production","communication_protocol_version":"1.5.0","com.unity.ml-agents_version":"3.0.0","scene_name":"SampleScene","end_time_seconds":"1741680854"}}